username,prenom,statut,template,heure
QSlaZoBpile1822,Olevia,envoye,,2026-06-05 06:15:38
yann_l2,Yann,envoye,,2026-06-05 06:17:50
HsttMlTwphi1922,Britt,envoye,,2026-06-05 06:20:39
Sophiaaa890,Sophia,envoye,,2026-06-05 06:22:48
jehecobk,🌫️,envoye,,2026-06-05 06:25:45
pilocystic_bookmaker,Angele,envoye,4,2026-06-18 10:02:22
nini13092,Nico,envoye,5,2026-06-18 10:03:47
mikecestor,Mike,envoye,2,2026-06-18 10:05:10
HornetPower,HornetPower,envoye,3,2026-06-18 10:06:31
Queen2321,🌹🅦🅞🅨🅘🅝🥀🥀🥀,envoye,4,2026-06-18 10:07:40
Julienskr,Julien,envoye,6,2026-06-20 22:11:45
Seckluffydewish,ડ♛🇸🇳,envoye,5,2026-06-20 22:13:01
Joris76,Joris,envoye,2,2026-06-20 22:14:19
yeeahhdude,🦁,envoye,7,2026-06-20 22:15:39
elsayoda1234,محمد ابو السيوده,envoye,4,2026-06-20 22:16:36
RX671,Ola,envoye,8,2026-06-20 22:17:54
RYNm_2005,_m28,envoye,3,2026-07-02 00:57:03
Melanieyamaha,Mélanie,envoye,4,2026-07-02 00:58:09
