profile_id,username,prenom,statut,heure
k1cvbnrp,thym403,J,envoye,2026-05-30 01:08:10
k1cvbnrp,pesa_force,PESA,envoye,2026-05-30 01:09:29
k1cvbnrp,Alice_ghd_8,Alice,envoye,2026-05-30 01:10:24
k1cvbnrp,Passepartout99,Pass,envoye,2026-05-30 01:11:43
k1cvbnrp,Lucie92ii,T’🗿,envoye,2026-05-30 01:12:56
k1cvbnrp,pedroxig,Pedro,envoye,2026-05-30 01:14:08
k1cvbnrp,bfLMEMbV,LAKO,envoye,2026-05-30 01:15:07
k1cvbnrp,Ronald_Tatsi,Ronald,envoye,2026-05-30 01:16:34
k1cvbnrp,xbfyqhqhj,Caroline,envoye,2026-05-30 01:18:02
k1cvbnrp,Mariesohier,Marie,envoye,2026-05-30 01:20:02
k1cvbnrp,lucianalight123,Lucianna,envoye,2026-05-30 01:21:28
k1cvbnrp,smileboy97,Yurei Otoko,envoye,2026-05-30 01:22:55
k1cvbnrp,Winox37,Un gars,envoye,2026-05-30 01:24:14
k1d0youv,Alex892l,Adam,envoye,2026-05-30 01:31:41
k1d0youv,oeTllby_Rhancus,Jerrell,envoye,2026-05-30 01:33:02
k1d0youv,magdal234,Jeriel,envoye,2026-05-30 01:34:21
k1d0youv,bbtya2,Bb Anta💓😍,envoye,2026-05-30 01:35:23
k1d0youv,Argment_1Bv3jK1,Afton,envoye,2026-05-30 01:36:12
k1cvbnrp,onion_of_tor,Onion,envoye,3,2026-05-30 19:07:14
k1cvbnrp,Subcostae_Moguls,Masako,envoye,7,2026-05-30 19:08:33
k1cvbnrp,erika_laan178,Érika,envoye,5,2026-05-30 19:09:39
k1cvbnrp,Rst593,S,envoye,2,2026-05-30 19:11:08
k1cvbnrp,Digitalking235,K,envoye,4,2026-05-30 19:12:11
k1cvbnrp,Tdd0005,H,envoye,6,2026-05-30 19:13:25
k1cvbnrp,cosmiclionk7k,Bryce,envoye,8,2026-05-30 19:14:41
k1cvbnrp,laskopyd,🏴‍☠️,envoye,3,2026-05-30 19:15:53
k1cvbnrp,Mhdi92r,Mehdi,envoye,6,2026-05-30 19:17:27
k1cvbnrp,czfEesxons_1d79,Earnest,envoye,7,2026-05-30 19:18:50
k1cvbnrp,Yanisbst,Yanis,envoye,4,2026-05-30 19:20:19
k1cvbnrp,feetafou,K,envoye,2,2026-05-30 19:21:45
k1cvbnrp,poirnsulQas2011,Brian,envoye,5,2026-05-30 19:23:08
k1cvbnrp,laSoZ9,LaSoZ,envoye,8,2026-05-30 19:24:22
k1cvbnrp,Le_youu,Le you🇲🇦,envoye,6,2026-05-30 19:25:39
k1cvbnrp,chris572401,Chris,envoye,7,2026-05-30 19:26:58
k1cvbnrp,XRrKQSfsVe3780371643,TutkununEzgisi🪐🦒,envoye,3,2026-05-30 19:28:11
k1cvbnrp,flarin243,Flarin,envoye,8,2026-05-30 19:29:19
k1d1009q,blackshadowmonument,Pablo,envoye,4,2026-05-30 23:45:13
k1d1009q,nb55_11,Ndibjo,envoye,5,2026-05-30 23:46:27
k1d1009q,x3n0f,•,envoye,2,2026-05-30 23:47:39
k1d1009q,suissejr,Couteau JR,envoye,2,2026-05-30 23:48:51
k1d1009q,Sintia33,Sinti,envoye,7,2026-05-30 23:49:58
k1cvbnrp,Koudougou77882539,Çhîçô,envoye,6,2026-06-01 15:18:23
k1cvbnrp,Nythoboy,Anthony,envoye,5,2026-06-01 15:19:34
k1cvbnrp,dentine_Silly,Many,envoye,3,2026-06-01 15:20:48
k1cvbnrp,charmeusesaltish,Stepanie,envoye,4,2026-06-01 15:22:54
k1cvbnrp,MigueM12,Miguel,envoye,8,2026-06-01 15:23:59
k1cvbnrp,Sukuna_admin,Joy Boy,envoye,4,2026-06-01 15:24:57
k1cvbnrp,Mad_O,.,envoye,5,2026-06-01 15:26:17
k1cvbnrp,Tokutchi,Arrete,envoye,7,2026-06-01 15:27:37
k1cvbnrp,jvpsgwyepbfps,Sharon,envoye,8,2026-06-01 15:28:49
k1cvbnrp,Abe1li,Abel🐾,envoye,2,2026-06-01 15:30:12
k1cvbnrp,Marleyfelix,Marley,envoye,6,2026-06-01 15:31:31
k1cvbnrp,VincentMonVincent,Vincent,envoye,3,2026-06-01 15:32:50
k1cvbnrp,ASSIGRACEV,GRÂCE ASSI,envoye,7,2026-06-01 15:34:39
k1cvbnrp,Atletiico,Atletico,envoye,5,2026-06-01 15:35:52
k1cvbnrp,flo_ra01,Floraice,envoye,2,2026-06-01 15:37:15
k1cvbnrp,billbirw,Bill Cartwright,envoye,4,2026-06-01 15:38:16
k1d1009q,carpediem680,Carpediem,envoye,3,2026-06-01 15:41:35
k1d1009q,Mannequin06,Mr million million babasco,envoye,8,2026-06-01 15:43:00
k1d1009q,hhhh77232,Oui,envoye,6,2026-06-01 15:46:42
k1cup0ci,Hamburg647,Estella,envoye,8,2026-06-01 16:31:45
k1cup0ci,zoelegal1,Zoel,envoye,3,2026-06-01 16:33:00
k1cup0ci,gduzbdks,Jsuzhdh,envoye,5,2026-06-01 16:34:17
k1cup0ci,KAREL_S,karel,envoye,6,2026-06-01 16:35:32
k1cup0ci,lucia6060,Rastanacha,envoye,7,2026-06-01 16:36:47
k1d1009q,Mondedrill228,Monde Σ,envoye,2,2026-06-01 16:40:58
k1d1009q,jolepied7,Jo71245,envoye,4,2026-06-01 16:42:05
k1d1009q,SexyElisaa,Elisa,envoye,8,2026-06-01 16:43:31
k1d1009q,Domina551,👑,envoye,7,2026-06-01 16:45:23
k1d1009q,St_milan,@st_milan,envoye,2,2026-06-01 16:49:41
k1d1009q,dlnykn27,Dylan,envoye,8,2026-06-01 16:50:56
k1cyliam,zzbjejejz,Marian,envoye,5,2026-06-01 16:53:36
k1cyliam,mr_choco237,Mr Choco,envoye,6,2026-06-01 16:55:04
k1cyliam,Legeant87,Le géant,envoye,3,2026-06-01 16:56:18
k1cyliam,ch200013,Chse,envoye,4,2026-06-01 16:57:16
k1cyliam,Zalli2e,Joviale,envoye,7,2026-06-01 16:58:36
k1cvbnrp,Daimo13,Sa,envoye,8,2026-06-01 17:01:33
k1cvbnrp,hinder12h,Iker,envoye,5,2026-06-01 17:02:59
k1cvbnrp,BrunoGonzalez42,Bruno,envoye,2,2026-06-01 17:04:09
k1cvbnrp,Marielapointe0113,Nicole,envoye,6,2026-06-01 17:05:23
k1cvbnrp,arahhhhh123,特,envoye,3,2026-06-01 17:06:36
k1cvbnrp,Nxuann,Xuan,envoye,4,2026-06-01 17:07:34
k1cvbnrp,aaron694,Aaron,envoye,3,2026-06-01 17:08:44
k1cvbnrp,Afgffhvcdf,.,envoye,7,2026-06-01 17:10:15
k1cvbnrp,juju1n,Juju,envoye,8,2026-06-01 17:11:44
k1cvbnrp,Timdudnik,🦄 Davide 🦄,envoye,2,2026-06-01 17:13:00
k1cvbnrp,hartistick,HZ,envoye,5,2026-06-01 17:14:13
k1cvbnrp,wizard82832,JonathanDelacruz,envoye,4,2026-06-01 17:15:44
k1cvbnrp,Gabicchamp,🥰,envoye,6,2026-06-01 17:17:10
k1cvbnrp,marthe7l,Marthe Lenoir,envoye,4,2026-06-01 17:18:01
k1cvbnrp,Paola7772,Paola,envoye,2,2026-06-01 17:19:21
k1cvbnrp,padgrefdemoel,Padgref,envoye,5,2026-06-01 17:20:41
k1cvbnrp,Kaelesa,Max,envoye,7,2026-06-01 17:21:55
k1cvbnrp,HIR55526,HIR,envoye,8,2026-06-01 17:23:13
k1cvbnrp,Blackjck1,Hi,envoye,6,2026-06-01 17:24:25
k1cvbnrp,black_enma810,Valentino,envoye,3,2026-06-01 17:25:47
k1cvbnrp,mmuhqq,Malhonnête,envoye,2,2026-06-01 17:27:09
k1cvbnrp,thebiggest971,NOODAH13,envoye,4,2026-06-01 17:28:09
k1cvbnrp,gabrielrolzou10,Gabriel,envoye,7,2026-06-01 17:29:30
k1cvbnrp,Alicamaeva,Alice,envoye,6,2026-06-01 17:30:47
k1cvbnrp,Max_sandr,Musta Mmm,envoye,5,2026-06-01 17:32:08
k1cvbnrp,Jeanmichel124,Christoph,envoye,3,2026-06-01 17:33:23
k1cvbnrp,kenz95i,Kenza,envoye,8,2026-06-01 17:34:39
k1cvbnrp,Lorine245,Lrn ️,envoye,6,2026-06-01 17:35:57
k1cvbnrp,Houessou10,ALLA HOUESSOU,envoye,2,2026-06-01 17:37:21
k1cup0cj,KLP_J,Leo,envoye,7,2026-06-01 17:39:10
k1cup0cj,lmloffys,Lamelo,envoye,3,2026-06-01 17:40:43
k1cup0cj,Talou9,Viens !,envoye,8,2026-06-01 17:42:02
k1cup0cj,RIVQUERST,𝔸ℕ𝔻ℝ𝔼𝕎 𝔾𝔸ℝℂ𝕀𝔸.,envoye,5,2026-06-01 17:43:22
k1cup0cj,Kim8170,ميرا,envoye,4,2026-06-01 17:44:17
k1cup0ch,seinin1988,Lnya🎋☯️,envoye,6,2026-06-01 17:47:02
k1cup0ch,Lucasdesroches,Lucas,envoye,8,2026-06-01 17:48:25
k1cup0ch,Lang008lang,Malik,envoye,3,2026-06-01 17:49:36
k1cup0ch,chilecca,forcechile,envoye,4,2026-06-01 17:50:39
k1cvbnrr,TKkill44,TK,envoye,5,2026-06-01 17:53:32
k1cvbnrr,Riitch692,RiitchUHQ,envoye,2,2026-06-01 17:55:22
k1cvbnrr,gaggakv,Kentucky,envoye,7,2026-06-01 17:56:39
k1cvbnrr,rubyrubu,Ruby,envoye,2,2026-06-01 17:57:52
k1cymfly,Lise66o9,🍆🥵🍑🍑🍑💋,envoye,3,2026-06-01 17:59:22
k1cymfly,Benotlegoat,Benoît,envoye,8,2026-06-01 18:00:41
k1cymfly,Sleikel,Roniel,envoye,4,2026-06-01 18:01:34
k1cymfly,Celinemellisa35,❤️❤️❤️,envoye,6,2026-06-01 18:03:26
k1cyliar,ahmedatl2202,Ahmed,envoye,,2026-06-02 18:48:30
k1cyliar,OusmanDoumS,Ousman,envoye,,2026-06-02 18:50:29
k1cyliar,FIXTNI5,P. K 🌚,envoye,,2026-06-02 18:52:39
k1cyliar,LumiereTechnolologie,Lumière,envoye,,2026-06-02 18:55:06
k1cyliar,MameLeux,M,envoye,,2026-06-02 18:57:39
k1cyliar,JunkerDZ,MLK,envoye,,2026-06-02 18:59:48
k1cyliar,Sarahjut,Sarah,envoye,,2026-06-02 19:01:44
k1cyliar,samanthhaa4,Samantha🍒,envoye,,2026-06-02 19:04:05
k1cyliar,Sanetidiane,Tidiane,envoye,,2026-06-02 19:05:58
k1cyliar,Charvitier,Charvitier,envoye,,2026-06-02 19:08:13
k1cyliaw,josie_soo,Solea 🫦🍆,envoye,,2026-06-02 19:38:50
k1cyliaw,ohpzkylhoplywd,Sabrina,envoye,,2026-06-02 19:41:45
k1cyliaw,Nouhpa,Pa,envoye,,2026-06-02 19:44:12
k1cyliaw,thomas05204,Tom,envoye,,2026-06-02 19:46:42
k1cyliaw,Ghdz89,G,envoye,,2026-06-02 19:49:40
k1cyliaw,bulk_store0,New,envoye,,2026-06-02 19:51:45
k1cyliaw,DaniSuperCB,Papel 💶,envoye,,2026-06-02 19:53:54
k1cyliaw,Destrukik31,Zachary,envoye,,2026-06-02 19:56:00
k1cyliaw,Tkzap,S.B,envoye,,2026-06-02 19:59:02
k1cyliaw,Bouldegomm,Bouldegomme,envoye,,2026-06-02 20:01:56
k1cup0ch,Dianalawrenc0,Diana,envoye,5,2026-06-02 21:02:37
k1cup0ch,koulibaly93,LaTessEnYz📲️🌀EɴCαyeɴɴe🌀,envoye,7,2026-06-02 21:03:52
k1cup0ch,EkiP23,Ekip,envoye,6,2026-06-02 21:05:14
k1cup0ch,hrokaie,Big,envoye,7,2026-06-02 21:06:36
k1cup0ch,Friedrich025,Friedrich Lukas,envoye,8,2026-06-02 21:07:57
k1cup0ch,Racyfrat,racy,envoye,3,2026-06-02 21:09:06
k1cup0ch,TrapaTheGotta,Booby,envoye,2,2026-06-02 21:10:23
k1cup0ch,reversecall,Reverse,envoye,4,2026-06-02 21:11:31
k1cup0ci,pierrecrl,Pierre,envoye,5,2026-06-02 21:15:20
k1cvbnrp,rwandana,Abdul Karim,envoye,2,2026-06-02 21:19:54
k1cvbnrp,Jimm51,Jim,envoye,6,2026-06-02 21:21:14
k1cvbnrp,Astride_Bizzi,Leslie❤,envoye,5,2026-06-02 21:22:37
k1cvbnrp,Curtis1008,Curtis1008,envoye,7,2026-06-02 21:23:54
k1cvbnrp,CosterJudi,Coster Judicaël,envoye,4,2026-06-02 21:24:52
k1cvbnrp,loladu_rt,Lola,envoye,8,2026-06-02 21:26:20
k1cvbnrp,everlife4,Free love,envoye,3,2026-06-02 21:27:43
k1cvbnrp,TicketGagnantN1,Ticket,envoye,3,2026-06-02 21:29:06
k1cyliam,Saynone01,NEVER SAY NEVER,envoye,8,2026-06-02 21:42:19
k1cyliam,camigbdj,Cami,envoye,2,2026-06-02 21:43:44
k1cyliam,Just_Alias,Alias,envoye,6,2026-06-02 21:45:02
k1cyliam,Babeuhh,Babacar,envoye,5,2026-06-02 21:46:17
k1cyliam,Numerole43,Numerole43,envoye,4,2026-06-02 21:47:15
k1cyliat,raphacaen,Raph,envoye,,2026-06-02 22:01:57
k1cyliat,CHICANO_TEAM,𝐂𝐇𝐈𝐂𝐀𝐍𝐎,envoye,,2026-06-02 22:04:45
k1cyliat,htitih,Herve,envoye,,2026-06-02 22:07:27
k1cymfly,informateur1,informateur,envoye,7,2026-06-02 22:14:36
k1cymfly,zoo00700,Tmy,envoye,7,2026-06-02 22:16:02
k1cymfly,Paris9483,Parisien ou rien ⚽,envoye,6,2026-06-02 22:17:24
k1cymfly,Gregodel,Grego,envoye,8,2026-06-02 22:18:47
k1cymfly,Etienneri59,Etienne,envoye,2,2026-06-02 22:20:14
k1cymfly,Keey172,Keey,envoye,3,2026-06-02 22:21:31
k1cymfly,mat_61,Mts61,envoye,4,2026-06-02 22:22:37
k1cymfly,Mimidouce,Mimi,envoye,5,2026-06-02 22:24:00
k1d1009q,anapcondam1e970,Norberto,envoye,6,2026-06-02 22:27:56
k1d1009q,BaronRafiki,Rafiki,envoye,5,2026-06-02 22:29:16
k1d1009q,Tenkilos1,Dm,envoye,8,2026-06-02 22:30:42
k1d1009q,GustaveP,G_,envoye,7,2026-06-02 22:32:03
k1d1009q,yunfto,Salh M9o,envoye,2,2026-06-02 22:33:32
k1d1009q,Droxz05,🦧,envoye,4,2026-06-02 22:34:39
k1d1009q,Bslim07,Slim,envoye,3,2026-06-02 22:35:55
k1d1009q,Sylvie8558,😇😇😇😇,envoye,2,2026-06-02 22:37:18
k1d101ku,Florian29470,Florian,envoye,,2026-06-02 22:51:45
k1d1009q,Gehexhhx,Shsbd,envoye,3,2026-06-03 16:17:53
k1d1009q,taja07,Taja,envoye,7,2026-06-03 16:19:13
k1d1009q,BILIO_CASH2,🇫🇷MAXIME SPÉCIALISTE,envoye,8,2026-06-03 16:20:19
k1d1009q,redcommeblood,Blo0D,envoye,5,2026-06-03 16:21:49
k1d1009q,Bxreza,Azerty,envoye,6,2026-06-03 16:23:05
k1d1009q,blablacar356,hatic,envoye,4,2026-06-03 16:24:04
k1d1009q,yass_scrt,Yass’🌹,envoye,6,2026-06-03 16:25:09
k1d1009q,SyrupLePika,SyrupLePika,envoye,5,2026-06-03 16:26:34
k1d1009q,vincent15190,Vincent,envoye,2,2026-06-03 16:27:43
k1cyliam,king_daniel30,@Daniel_brendon,envoye,4,2026-06-03 16:35:40
k1cyliam,maelys_durane,Maelys,envoye,3,2026-06-03 16:37:00
k1cyliam,Hombree1,Hombree1,envoye,7,2026-06-03 16:38:16
k1cyliam,Scott_32104,MONEY KINGDOM,envoye,8,2026-06-03 16:39:46
k1cyliam,ledcgt,YuZ🎊✨,envoye,8,2026-06-03 16:41:01
k1cyliam,DrkSiderr,D@rk$iDDer,envoye,7,2026-06-03 16:42:19
k1cyliam,FlashRDPAdss88350,FlashRDP,envoye,4,2026-06-03 16:43:14
k1cyliam,Rugana49,Rugana49,envoye,5,2026-06-03 16:44:29
k1cyliam,Annabelleiris26,Annabelle,envoye,2,2026-06-03 16:45:41
k1cup0ci,Mgplb,🌵👑,envoye,3,2026-06-03 16:50:34
k1cup0ci,babanbb,Good,envoye,6,2026-06-03 16:51:56
k1cup0ci,ladlahuiss,Lad,envoye,7,2026-06-03 16:53:08
k1cup0ci,Lumierechemin,Lumière,envoye,2,2026-06-03 16:54:33
k1cup0ci,defoliant_corders,Bernie,envoye,8,2026-06-03 16:55:59
k1cup0ci,kendry_Lamar,Kendry,envoye,6,2026-06-03 16:57:13
k1cup0ci,Dugong_1952,Sharda,envoye,4,2026-06-03 16:58:08
k1cup0ci,NicoSergent,Nico,envoye,5,2026-06-03 16:59:25
k1cup0ci,maitre540,Hugo,envoye,3,2026-06-03 17:00:48
k1cup0ci,rigbyr4ckz,rigby,envoye,8,2026-06-03 17:02:18
k1cup0ci,princesseA04,Satory 💋,envoye,2,2026-06-03 17:03:49
k1cup0ci,Legitbossssss,Paul,envoye,5,2026-06-03 17:05:07
k1cup0ch,Ariane23478,Ariane,envoye,6,2026-06-03 17:13:46
k1cup0ch,Ellercaile,Eller,envoye,7,2026-06-03 17:15:20
k1cup0ch,gitan91,.S&R91.,envoye,4,2026-06-03 17:16:34
k1cup0ch,mariejuli,Marie,envoye,3,2026-06-03 17:17:46
k1cvbnrr,pasteque88,Louis,envoye,6,2026-06-03 17:19:42
k1cvbnrr,Pierrot8374,Luciole,envoye,5,2026-06-03 17:21:03
k1cvbnrr,Poupee_Amour,Elie,envoye,8,2026-06-03 17:22:24
k1cvbnrr,weuz_crazy,weuz,envoye,7,2026-06-03 17:23:50
k1cvbnrr,Blackiepaula,Paula,envoye,3,2026-06-03 17:24:58
k1cvbnrr,Swanmanu,Manuel,envoye,2,2026-06-03 17:26:18
k1cvbnrr,Abbotelecom,abbo,envoye,4,2026-06-03 17:27:28
k1cvbnrr,ezlyrte,Elyiyrer,envoye,4,2026-06-03 17:28:25
k1cvbnrr,leomaxi132,Crypto,envoye,6,2026-06-03 17:29:33
k1cvbnrr,Gomrapid,Gomrapid,envoye,7,2026-06-03 17:30:48
k1cvbnrr,Rimka59,Kararoto,envoye,2,2026-06-03 17:32:11
k1cvbnrr,Carlota666,SMS Marketing,envoye,3,2026-06-03 17:33:29
k1cymfly,AlpaSuppp,Alpa Support,envoye,5,2026-06-03 17:35:15
k1cymfly,Jelegram29,J,envoye,8,2026-06-03 17:36:40
k1cymfly,prisme12,Super,envoye,2,2026-06-03 17:37:50
k1cymfly,joireee,Anna,envoye,3,2026-06-03 17:39:14
k1cymfly,nonameee901,.,envoye,8,2026-06-03 17:40:43
k1cyliam,Lpbbaddies,Miss 👑 papillon 🦋 📍,envoye,4,2026-06-04 07:40:03
k1cyliam,Enimaoff,Enima,envoye,7,2026-06-04 07:41:26
k1cyliam,Balou11,Micka,envoye,6,2026-06-04 07:42:42
k1cyliam,sqsqssqsqsq,shahinkhan | TangoHawai,envoye,5,2026-06-04 07:43:55
k1cyliam,Zxun24,ZXUN,envoye,5,2026-06-04 07:45:08
k1cyliam,fdsfsdfdsfdssdfsdfdfsfsd,Who Cares If You Exist ?,envoye,8,2026-06-04 07:46:33
k1cyliam,DevincciEmmanuelNkepsu,Devincci Emmanuel,envoye,4,2026-06-04 07:47:47
k1cyliam,Black_Sea98,𝕄𝕣 𝕄,envoye,2,2026-06-04 07:49:17
k1cyliam,shrimpcdc,Shrimp,envoye,7,2026-06-04 07:50:43
k1cyliam,harrycdcfr,Harry Fr,envoye,6,2026-06-04 07:52:02
k1cyliam,vinkul7,Vin,envoye,3,2026-06-04 07:53:23
k1cyliam,Kensingt0n1,Sinclair 👤,envoye,2,2026-06-04 07:54:54
k1cvbnrp,ThooohT,THO,envoye,3,2026-06-04 08:05:58
k1cvbnrp,Vienspr,Vienspr,envoye,8,2026-06-04 08:07:17
k1cvbnrp,Laroze23,Kayla,envoye,5,2026-06-04 08:08:31
k1cvbnrp,laciter941,La,envoye,4,2026-06-04 08:09:38
k1cup0ch,R360_Support,R360 CHAT 💬,envoye,6,2026-06-04 08:11:23
k1cup0ch,Moudmajr,6ix9ine,envoye,7,2026-06-04 08:12:43
k1cup0ch,patriciadouce46,Patricia 💧,envoye,5,2026-06-04 08:14:01
k1cup0ch,meufsympah,Marina,envoye,6,2026-06-04 08:15:16
k1cup0ch,Fatimbintou,Fatima,envoye,7,2026-06-04 08:16:43
k1cup0ch,stone2477,Mm,envoye,8,2026-06-04 08:18:05
k1cup0ch,dubien1243,Dubien,envoye,4,2026-06-04 08:19:11
k1cup0ch,loic0912,Loic12345,envoye,3,2026-06-04 08:20:26
k1cup0ch,Pendabea,Ërĩc,envoye,2,2026-06-04 08:22:07
k1cup0ch,ruhulamin2423,MD. RUHUL,envoye,8,2026-06-04 08:23:32
k1cup0ch,benoitgatien,Benoît,envoye,2,2026-06-04 08:24:58
k1cup0ch,EXTINGUEDREME,Extingue,envoye,4,2026-06-04 08:26:11
k1cup0ch,Dieudonnee01,Bulle,envoye,3,2026-06-04 08:27:40
k1cup0ch,HCGamer313,HCGamer313,envoye,6,2026-06-04 08:28:55
k1cup0ch,nezinomas_asmuo,D0vii,envoye,7,2026-06-04 08:30:11
k1d1009q,rataro75,Mamad,envoye,5,2026-06-04 08:31:36
k1cvbnrr,laffairelinstant,L'Affaire L'instant,envoye,7,2026-06-04 08:33:27
k1cvbnrr,TPBPRESIDENT,Damala,envoye,5,2026-06-04 08:34:47
k1cvbnrr,prisclla3,Priscilla,envoye,3,2026-06-04 08:36:11
k1cvbnrr,Night_sans_s,NiGht,envoye,8,2026-06-04 08:37:33
k1cvbnrr,Snowskip,Skip,envoye,2,2026-06-04 08:39:05
k1cvbnrr,CarolusRex1718,Julien,envoye,6,2026-06-04 08:40:24
k1cvbnrr,exceedingly_Pedlers,Karry,envoye,4,2026-06-04 08:41:36
k1cvbnrr,Mave_rick007,Maverick,envoye,5,2026-06-04 08:42:54
k1cvbnrr,LeonAlexJ,Leon,envoye,3,2026-06-04 08:44:27
k1cvbnrr,Annabel2157,Annabel,envoye,4,2026-06-04 08:45:32
k1cvbnrr,olivier5110,Olivier,envoye,6,2026-06-04 08:46:57
k1cvbnrr,N_iuyo,Momsha,envoye,8,2026-06-04 08:48:20
k1cvbnrr,Roux6688,❤️❤️,envoye,2,2026-06-04 08:49:54
k1cvbnrr,Libye188fi,Libye,envoye,7,2026-06-04 08:51:13
k1cvbnrr,Oscar789h,Cmdoo12,envoye,6,2026-06-04 08:52:37
k1cymfly,vrcheckslip,Vera,envoye,3,2026-06-04 08:55:08
k1cymfly,aka_4420,Air,envoye,4,2026-06-04 08:56:11
k1cymfly,mans94400,Mans,envoye,2,2026-06-04 08:57:35
k1cymfly,petitekehi,Petitekehi,envoye,8,2026-06-04 08:58:59
k1cymfly,jeanjacquesngoran1302,Jean Jacques N'goran,envoye,7,2026-06-04 09:00:14
k1cymfly,Franck_Dissick,Fr@nck,envoye,5,2026-06-04 09:01:33
k1cymfly,Soldierwood_1897,Loralee,envoye,4,2026-06-04 09:02:42
k1cymfly,hellodelu67,Hello,envoye,2,2026-06-04 09:04:05
k1cymfly,M4miooos,Mamiii,envoye,3,2026-06-04 09:05:17
k1cymfly,Redouanedr,Redouane,envoye,6,2026-06-04 09:06:46
k1d101ku,PtiLuFamily,PtiLu,envoye,,2026-06-05 05:41:49
k1d101ku,Leparieurnhl,𝓛𝓮 𝓹𝓪𝓻𝓲𝓮𝓾𝓻 𝓝𝓗𝓛 🇺🇸,envoye,,2026-06-05 05:44:34
k1d101ku,Riihdnfd,Nico,envoye,,2026-06-05 05:46:30
k1d101ku,Paymaster,Briggs,envoye,,2026-06-05 05:48:51
k1d101ku,Swarlei,D,envoye,,2026-06-05 05:51:30
k1d101ku,Kimhahmr31,Mohammed Abdelhakim,envoye,,2026-06-05 05:54:22
k1d101ku,weyzz_yt,Matheo,envoye,,2026-06-05 05:56:45
k1d101ku,Admlzf,Adam,envoye,,2026-06-05 05:59:33
k1d2mx5p,QSlaZoBpile1822,Olevia,envoye,,2026-06-05 06:15:38
k1d2mx5p,yann_l2,Yann,envoye,,2026-06-05 06:17:50
k1d2mx5p,HsttMlTwphi1922,Britt,envoye,,2026-06-05 06:20:39
k1d2mx5p,Sophiaaa890,Sophia,envoye,,2026-06-05 06:22:48
k1d2mx5p,jehecobk,🌫️,envoye,,2026-06-05 06:25:45
k1d2mx5s,BmDeLaRosa,Delarosa,envoye,,2026-06-05 06:37:38
k1d2mx5s,c3r007,ㅤ,envoye,,2026-06-05 06:39:48
k1d2mx5s,druko_12,Simply,envoye,,2026-06-05 06:42:20
k1d2mx5s,aslpmozq,z,envoye,,2026-06-05 06:44:29
k1d2mx5s,Camillelpt,Cam 😘😋,envoye,,2026-06-05 06:46:39
k1d2mx5x,gh45bif,Ghfk,envoye,,2026-06-05 06:57:02
k1d2mx5x,LeCyberMonarch,Cyber,envoye,,2026-06-05 06:58:59
k1d2mx5x,Zudwig,Zudwig 🌪,envoye,,2026-06-05 07:01:02
k1d2mx60,LunaRvrVIP,Luna,envoye,,2026-06-05 07:12:34
k1d2mx60,dexwalid,Iren,envoye,,2026-06-05 07:14:51
k1d2mx60,AxelHockey,AxelHockey 🏒🇱🇻,envoye,,2026-06-05 07:16:52
k1d2mx63,Hey_buddy_1,Hey__,envoye,,2026-06-05 07:37:54
k1d2mx6a,lamoumou51,La moumou51,envoye,,2026-06-05 07:53:35
k1d2mx6a,Francklandry,Franck,envoye,,2026-06-05 07:55:36
k1d2mx6a,Crypto_YoYo,Yo 🚀✨,envoye,,2026-06-05 07:58:31
k1d2mx6b,jules_renault,Jules,envoye,,2026-06-05 08:12:47
k1d2mx6b,PSaptrerod20e49,Peter,envoye,,2026-06-05 08:15:04
k1d2mx6b,Zynebzyb,zyneb,envoye,,2026-06-05 08:17:18
k1d2mx6c,marley95160,Marley,envoye,,2026-06-05 08:33:34
k1d2mx6c,rocancourttt0,Rocancourt,envoye,,2026-06-05 08:36:22
k1d2mx6c,Mericet18,Anthony,envoye,,2026-06-05 08:38:30
k1d2mx6e,sp1d3r777,SP1D3R 🕷️,envoye,,2026-06-05 08:49:28
k1d2mx6e,QLW945,QLW945,envoye,,2026-06-05 08:52:22
k1d2mx6e,Popmainly,One,envoye,,2026-06-05 08:54:46
k1d2mx6k,Fuut_tx,Fuut_tx7,envoye,,2026-06-05 09:10:38
k1d2mx6k,Xprotal,The house,envoye,,2026-06-05 09:13:15
k1d2mx6k,Work_Tech_DRC_Corporation,Ralph,envoye,,2026-06-05 09:15:30
k1cyliam,ArnaudTassin,Arnaud tassin - conseiller,envoye,8,2026-06-05 16:40:28
k1cup0ch,kehdeluxewallah,leyna,envoye,5,2026-06-09 21:27:58
k1cvbnrp,doumso74,Sory,envoye,7,2026-06-09 21:33:18
k1cvbnrp,mo9omo,Mo,envoye,3,2026-06-09 21:34:33
k1cvbnrp,Juliette02233,Melissa,envoye,7,2026-06-09 21:35:50
k1cvbnrr,Angel_72559,.,envoye,6,2026-06-09 21:39:59
k1cvbnrr,Refectionerendoperidial,Rikki,envoye,8,2026-06-09 21:41:22
k1cvbnrr,Dab_4388,Sven,envoye,2,2026-06-09 21:42:55
k1cvbnrr,Revivals_wombat,Claud,envoye,4,2026-06-09 21:43:51
k1cvbnrr,guenshaitiano,Malo👁👃👁,envoye,5,2026-06-09 21:44:58
k1cvbnrr,Spsppllmppp,H,envoye,8,2026-06-09 21:46:29
k1cvbnrr,iblochez,Lbh,envoye,2,2026-06-09 21:47:49
k1cvbnrr,enzobenzo2,Enzobenzo,envoye,5,2026-06-09 21:48:57
k1cvbnrr,nyzoo91,Nyzoo,envoye,6,2026-06-09 21:50:17
k1cvbnrr,naomi_fly,Naomi,envoye,4,2026-06-09 21:51:21
k1cvbnrr,cal_vin_diesel,mouhamed,envoye,7,2026-06-09 21:52:46
k1cymfly,Delawera,...,envoye,3,2026-06-09 23:46:04
k1cymfly,thevboy,j,envoye,6,2026-06-09 23:47:21
k1cymfly,JordanThePlugx,Jordan,envoye,7,2026-06-09 23:49:23
k1cymfly,wewewe1314,RR,envoye,2,2026-06-09 23:50:43
k1d2mx5s,erika_Rayne1,Erika_Rayne,envoye,,2026-06-10 00:44:07
k1d2mx60,CoKxAmW,Liam,envoye,,2026-06-10 00:56:19
k1d2mx6a,Cheap_head10,Sarah,envoye,,2026-06-10 01:12:15
k1cxy6cd,nkx_74,.,envoye,8,2026-06-17 16:50:09
k1cxy6cd,Deesse2463,Déesse,envoye,4,2026-06-17 16:51:22
k1cxy6cd,MrNoBody032,(⋋▂⋌) 𝑴𝑹 𝑵𝑶 𝑩𝑶𝑫𝒀 🇷🇺,envoye,5,2026-06-17 16:52:50
k1cxy6cd,UnKnownMaster1,Ukn,envoye,3,2026-06-17 16:54:06
k1cxy6cd,Louisesarah56,Ange,envoye,4,2026-06-17 16:55:14
k1cxy6ch,Penicilliform_Ecocide,Luis,envoye,6,2026-06-17 16:59:02
k1cxy6ch,fffddsxh,Mmo,envoye,7,2026-06-17 17:00:22
k1cxy6ch,math8881,Math,envoye,8,2026-06-17 17:01:43
k1cxy6ch,saalii212,Boundjala,envoye,2,2026-06-17 17:03:17
k1cxy6ch,Louise63a,Louise,envoye,5,2026-06-17 17:04:34
k1cyliam,Bliingo23,BLINGO,envoye,3,2026-06-17 17:11:00
k1cyliam,redrefdd,/,envoye,4,2026-06-17 17:11:57
k1cyliap,leo10s,Sm98,envoye,7,2026-06-17 17:22:07
k1cyliat,inesss82,ɪɴᴇꜱ,envoye,2,2026-06-17 17:27:21
k1cyliat,BitcoinStudent69,BitcoinStudent,envoye,5,2026-06-17 17:28:38
k1cyliat,ManassePola,Manassé,envoye,3,2026-06-17 17:30:01
k1cyliat,ashad_prince,ashad,envoye,6,2026-06-17 17:31:22
k1cyliat,Abounouf,Abou,envoye,8,2026-06-17 17:32:44
k1cyliaw,agony36,Agony,envoye,8,2026-06-17 17:37:22
k1cyliaw,Anonyme_04,Lisa,envoye,6,2026-06-17 17:38:44
k1cymfly,jeje9192,Jeje,envoye,2,2026-06-17 17:43:10
k1cymfly,oce892,Oceane,envoye,7,2026-06-17 17:44:36
k1cymfly,itsdemontime01,Godfather,envoye,5,2026-06-17 17:45:55
k1cymfly,Tigres022,Martial,envoye,3,2026-06-17 17:47:32
k1cymfly,leriffchef,Leriffchef,envoye,4,2026-06-17 17:48:38
k1cymfly,Pandafurtif,Panda,envoye,6,2026-06-17 17:50:04
k1cymfly,Loeilx,Amadou Haman SamaKe,envoye,2,2026-06-17 17:51:20
k1cymfly,Ade_line50,Adeline,envoye,3,2026-06-17 17:52:52
k1cymfly,nikkheur,Nik,envoye,4,2026-06-17 17:53:51
k1cymfly,K_A_l_i_Lunix_2,Lunix,envoye,8,2026-06-17 17:55:08
k1cymfly,Romastones,Roma,envoye,7,2026-06-17 17:56:34
k1cymfly,fr27100,Freya Lsn,envoye,5,2026-06-17 17:57:55
k1cymfly,emma_lps,Emma,envoye,3,2026-06-17 17:59:18
k1cymfly,Routier56100,Breizh56,envoye,2,2026-06-17 18:00:58
k1cymfly,Zachdurand099,Zachary DURAND,envoye,8,2026-06-17 18:02:22
k1cymfly,dipi76,Alex,envoye,6,2026-06-17 18:03:43
k1cymfly,ziirrbsunshin,Zariana,envoye,7,2026-06-17 18:04:58
k1d2mx5p,pilocystic_bookmaker,Angele,envoye,4,2026-06-18 10:02:22
k1d2mx5p,nini13092,Nico,envoye,5,2026-06-18 10:03:47
k1d2mx5p,mikecestor,Mike,envoye,2,2026-06-18 10:05:10
k1d2mx5p,HornetPower,HornetPower,envoye,3,2026-06-18 10:06:31
k1d2mx5p,Queen2321,🌹🅦🅞🅨🅘🅝🥀🥀🥀,envoye,4,2026-06-18 10:07:40
k1d2mx5s,ATSON2020,Emmanuel,envoye,8,2026-06-18 10:12:08
k1d2mx60,Fabrice37,Fab,envoye,7,2026-06-18 10:20:05
k1d2mx60,BradleySmith02,Bradley,envoye,6,2026-06-18 10:21:11
k1d2mx60,esparto_Baetuli,Marth,envoye,5,2026-06-18 10:22:40
k1d2mx60,sabrina_loggia,Coquine 🥥🍂,envoye,5,2026-06-18 10:23:50
k1d2mx60,Miahookuplove,Mia ❤️🌷,envoye,4,2026-06-18 10:24:59
k1d2mx62,Pican28,💝Pican🔥,envoye,7,2026-06-18 10:29:45
k1d2mx62,maud_4,Abdelhamid,envoye,2,2026-06-18 10:31:24
k1d2mx62,kurohige_seize,Jo,envoye,8,2026-06-18 10:32:34
k1d2mx62,Jfnsjendsk,123soleil,envoye,6,2026-06-18 10:33:51
k1d2mx63,Fatlaill,Falail,envoye,3,2026-06-18 10:38:02
k1d2mx63,Faizimaxi,Faizan,envoye,8,2026-06-18 10:39:25
k1d2mx63,Knepsip,Kne,envoye,3,2026-06-18 10:40:44
k1d2mx63,benlaweed,Vanoo,envoye,4,2026-06-18 10:41:49
k1d2mx63,smith_cater,Smith,envoye,7,2026-06-18 10:43:21
k1d2mx6a,SweeteMAR,Sweete,envoye,2,2026-06-18 10:47:13
k1d2mx6a,Georgino_hrtbrk,Toxic,envoye,6,2026-06-18 10:48:27
k1d2mx6b,TAIWOtawe,Michel,envoye,6,2026-06-18 10:53:48
k1d2mx6b,Joinita333,Joinita Del,envoye,5,2026-06-18 10:55:21
k1d2mx6b,gypsie47,6co,envoye,3,2026-06-18 10:56:55
k1d2mx6b,Redhazonzi2026,Redha,envoye,5,2026-06-18 10:58:18
k1d2mx6b,Lebigbg,Le big,envoye,6,2026-06-18 10:59:37
k1d2mx6c,Takitika69,takitika,envoye,4,2026-06-18 11:03:36
k1d2mx6e,evina_jc,evina_,envoye,2,2026-06-18 11:08:28
k1d2mx6e,Sarkozymillionaire,Sarko,envoye,8,2026-06-18 11:09:50
k1d2mx6e,bitcoinbtc120,Jose,envoye,7,2026-06-18 11:11:21
k1d2mx6k,Houcinos1987,Hossinos,envoye,7,2026-06-18 11:16:09
k1d2mx6k,quentinxs,Quentin,envoye,5,2026-06-18 11:17:31
k1d2mx6k,hamdi_tak,Hamdi,envoye,2,2026-06-18 11:19:03
k1d2mx6k,Vendor99999,SA,envoye,6,2026-06-18 11:20:21
k1d2mx6k,Trap_514,Trapp,envoye,3,2026-06-18 11:21:43
k1d3ff51,conseillee_de_bien_etre,Mg,envoye,8,2026-06-18 11:32:48
k1d3ff51,awp1337,awp,envoye,4,2026-06-18 11:33:52
k1d3ff51,karakouki,Nico,envoye,5,2026-06-18 11:35:09
k1d3ff51,Mowgli75000,Mowgli,envoye,2,2026-06-18 11:36:28
k1d3ff51,maxirmx,Maximiliano,envoye,3,2026-06-18 11:37:56
k1cyliap,spacekush2,Spacekush,envoye,4,2026-06-20 21:39:48
k1cyliap,ghoostt999,ghoost999,envoye,8,2026-06-20 21:41:19
k1cyliap,Aurjans,😜🥵😍,envoye,7,2026-06-20 21:42:46
k1cyliat,FIABLEE_UHQ,VIREMENT INSTANTANÉ VRAI,envoye,6,2026-06-20 21:47:52
k1cyliaw,xexeriaso,Xexeriaso,envoye,3,2026-06-20 21:52:10
k1cyliaw,R3dm0v3,R3dm0v3,envoye,2,2026-06-20 21:53:21
k1cyliaw,ik_werk,Ik Werk,envoye,6,2026-06-20 21:54:42
k1cyliaw,paolito06,Bruno,envoye,5,2026-06-20 21:56:07
k1cyliaw,gregoire_mp,Greg,envoye,8,2026-06-20 21:57:32
k1cyliaw,iamDA11,Maurice52,envoye,4,2026-06-20 21:58:37
k1cyliaw,rich_sdf,Thibault,envoye,7,2026-06-20 21:59:53
k1d101ku,assa1clash,Assa1,envoye,3,2026-06-20 22:07:11
k1d2mx5p,Julienskr,Julien,envoye,6,2026-06-20 22:11:45
k1d2mx5p,Seckluffydewish,ડ♛🇸🇳,envoye,5,2026-06-20 22:13:01
k1d2mx5p,Joris76,Joris,envoye,2,2026-06-20 22:14:19
k1d2mx5p,yeeahhdude,🦁,envoye,7,2026-06-20 22:15:39
k1d2mx5p,elsayoda1234,محمد ابو السيوده,envoye,4,2026-06-20 22:16:36
k1d2mx5p,RX671,Ola,envoye,8,2026-06-20 22:17:54
k1d2mx5x,CRbeerus,Beerus,envoye,8,2026-06-20 22:25:02
k1d2mx5x,celinefion,Moxica,envoye,6,2026-06-20 22:26:31
k1d2mx5x,Bmercedes63,Mercedes,envoye,3,2026-06-20 22:27:56
k1d2mx5x,Khadiim_24,KH_24,envoye,7,2026-06-20 22:29:17
k1d2mx5x,Anonyme51,Joshua,envoye,2,2026-06-20 22:30:44
k1d2mx5x,Fully_gaz,Blandine,envoye,5,2026-06-20 22:32:09
k1d2mx5x,adbklfxxx,ad,envoye,4,2026-06-20 22:33:15
k1d2mx5x,juxstx2410,Justin,envoye,8,2026-06-20 22:34:38
k1d2mx60,Kiiki06,Kiiiki,envoye,2,2026-06-20 22:38:45
k1d2mx60,Billionsboy13,Tqtpas,envoye,4,2026-06-20 22:39:53
k1d2mx60,Corruption_enrica,Laticia,envoye,6,2026-06-20 22:41:15
k1d2mx60,marialuna004,marialuna004,envoye,7,2026-06-20 22:42:25
k1d2mx62,jdvvvn1,Jdvvv,envoye,5,2026-06-20 22:47:10
k1d2mx62,Bobo_243,Daisy,envoye,3,2026-06-20 22:48:18
k1d2mx62,Leoooodr,Leo,envoye,6,2026-06-20 22:49:41
k1d2mx63,Ghost_Yn07,Ghost,envoye,5,2026-06-20 22:54:42
k1d2mx63,dulikide,Fodulikide,envoye,2,2026-06-20 22:55:53
k1d2mx63,kirakiraligth,Nico,envoye,8,2026-06-20 22:57:21
k1d2mx63,fatou770,Fatou,envoye,7,2026-06-20 22:58:44
k1d2mx6a,KINGTeeKaaZ,KINGTeeKaaZ,envoye,3,2026-06-20 23:02:49
k1d2mx6a,ewenls,Ewen,envoye,4,2026-06-20 23:03:49
k1d2mx6a,sebast08,Steph,envoye,2,2026-06-20 23:05:19
k1d2mx6a,Kansascitie,Bk Sayless,envoye,6,2026-06-20 23:06:28
k1d2mx6a,greaters1,Great,envoye,3,2026-06-20 23:07:47
k1d2mx6b,elemonnier77,Eva,envoye,4,2026-06-20 23:11:39
k1d2mx6b,Big_moi008,Big_boss,envoye,3,2026-06-20 23:12:59
k1d2mx6b,Casch2card_maxime,Maxime,envoye,8,2026-06-20 23:14:20
k1d2mx6e,a1b2c3d4e5_f6g7,R,envoye,5,2026-06-20 23:19:04
k1d2mx6e,Fatimaahmed522,Fatima,envoye,7,2026-06-20 23:20:19
k1d2mx6e,Ittaib,Ittaib,envoye,4,2026-06-20 23:21:27
k1d2mx6k,Ghosthy93,Ghost,envoye,2,2026-06-20 23:25:39
k1d2mx6k,TheTOTO_79,TOTO,envoye,5,2026-06-20 23:27:08
k1d2mx6k,fresh7557,Fresh,envoye,7,2026-06-20 23:28:27
k1d2mx6k,Melove013,Me,envoye,3,2026-06-20 23:29:51
k1d2mx6k,ledesossee,Ivar☠️,envoye,8,2026-06-20 23:31:15
k1d2mx6k,cpqoo,Lol,envoye,6,2026-06-20 23:32:43
k1d2mx6k,TUSS_Franck,Tuss,envoye,3,2026-06-20 23:34:14
k1d2mx6k,Fomezg,Aline,envoye,8,2026-06-20 23:35:40
k1d3ff51,LHHsn,LH,envoye,2,2026-06-20 23:45:59
k1d3ff51,Ki7i93,K,envoye,7,2026-06-20 23:47:27
k1d3ff51,MAJIDSON7,MAJ7,envoye,4,2026-06-20 23:48:31
k1d3ff51,AVANDEDEO,AVANDE Deo-Gracias,envoye,6,2026-06-20 23:49:51
k1d3ff51,Monsieurdavid,Monsieur,envoye,5,2026-06-20 23:51:05
k1d3ff51,Roush_Thebeachfairy_Natalie,Jessica,envoye,7,2026-06-20 23:52:38
k1d3ff51,Turbo_Ads_Admin,Turbo Ads,envoye,2,2026-06-20 23:54:10
k1d3ff51,Quentin2903,Quentin,envoye,5,2026-06-20 23:55:36
k1cup0ch,Huntedstb1,HUNTED,envoye,3,2026-06-24 15:24:46
k1cup0ch,hey_hey72,Sebastien,envoye,8,2026-06-24 15:26:22
k1cup0ch,AxelSega,Axel Sega Won’t DM you first - JOIN,envoye,4,2026-06-24 15:27:24
k1cup0ch,user_74030483,username_840295839,envoye,6,2026-06-24 15:28:39
k1cup0ch,Gohan601,Gohan,envoye,4,2026-07-01 23:36:11
k1cup0ch,tch0upi,Baptiste,envoye,5,2026-07-01 23:37:55
k1cup0ch,ggbg698,M.arion,envoye,6,2026-07-01 23:39:25
k1cup0ch,enz0_7k,Enzo,envoye,2,2026-07-01 23:40:48
k1cup0ch,ERICBARBANCEI,Eric Barbancei,envoye,7,2026-07-01 23:42:10
k1cup0ch,Follow196,Achraf,envoye,8,2026-07-01 23:43:39
k1cup0ch,SECKLUFFY,♛سيدي ندياي,envoye,3,2026-07-01 23:45:13
k1cup0ch,Onelifz,K,envoye,3,2026-07-01 23:46:39
k1cxy6cd,Mars_AliveX,Mars,envoye,4,2026-07-01 23:59:29
k1cxy6cd,Shawsky7,Em,envoye,8,2026-07-02 00:00:54
k1cxy6cd,espion33,Espion,envoye,5,2026-07-02 00:02:21
k1cxy6cd,samsamy05,Sam,envoye,7,2026-07-02 00:03:44
k1cxy6cd,cipher_txt,Cipher,envoye,6,2026-07-02 00:05:15
k1cxy6cd,Romarickennedy,Romaric,envoye,2,2026-07-02 00:06:52
k1cxy6cd,Mimi56433,Mimi,envoye,6,2026-07-02 00:08:30
k1cxy6cd,Sergekibauks,Serge,envoye,5,2026-07-02 00:09:39
k1cxy6cj,tusaisdejaman,Tu,envoye,8,2026-07-02 00:17:21
k1cxy6cj,prodbygwen,Gwendal,envoye,2,2026-07-02 00:19:00
k1cxy6cj,Hbb3138,Mohamed,envoye,4,2026-07-02 00:20:11
k1cxy6cj,marymcm112,Mcm,envoye,7,2026-07-02 00:21:32
k1cyliam,trolls45,Tom,envoye,3,2026-07-02 00:25:59
k1cyliat,Muhammed0370,Мухаммад,envoye,6,2026-07-02 00:35:02
k1cyliat,mariaducul4,Maria,envoye,5,2026-07-02 00:36:22
k1cyliat,kimbo_fsr,Kimbo,envoye,8,2026-07-02 00:37:41
k1cyliat,Khanji143tow,Kamran Khan,envoye,2,2026-07-02 00:39:18
k1cyliaw,Guigx38,Guigx38,envoye,4,2026-07-02 00:43:17
k1cyliaw,Thierno8052,Khalil,envoye,7,2026-07-02 00:44:52
k1cyliaw,Likaelb59,Likael,envoye,3,2026-07-02 00:46:24
k1d2mx5p,RYNm_2005,_m28,envoye,3,2026-07-02 00:57:03
k1d2mx5p,Melanieyamaha,Mélanie,envoye,4,2026-07-02 00:58:09
k1d2mx5s,koneabdoulraim14,Kone,envoye,7,2026-07-02 01:02:24
k1d2mx60,Elacias2,Elacias vivère,envoye,6,2026-07-02 01:14:10
k1d2mx60,mohimm59,Moih,envoye,5,2026-07-02 01:15:25
k1d2mx60,kha7654009,Miro,envoye,2,2026-07-02 01:16:48
k1d2mx60,Guindo49,Ali,envoye,8,2026-07-02 01:18:10
k1d2mx60,aladji_sikime,Aladji Sikime,envoye,4,2026-07-02 01:19:28
k1d2mx60,brian_bascot,Brian,envoye,6,2026-07-02 01:20:54
k1d2mx60,ThePikaShoes,⚡️⚡️The Pika⚡️⚡️,envoye,2,2026-07-02 01:22:24
k1d2mx60,Jordan4051,Jordan154,envoye,7,2026-07-02 01:23:55
k1d2mx60,la_z0x,La,envoye,5,2026-07-02 01:25:09
k1d2mx60,narcos59,Narcos,envoye,8,2026-07-02 01:26:28
k1d2mx62,lumiaj38,Luminosa,envoye,3,2026-07-02 01:30:47
k1d2mx63,papitond,Pape Mamadou,envoye,4,2026-07-02 01:35:16
k1d2mx63,Phiber_Optikx,Phiber,envoye,2,2026-07-02 01:36:35
k1d2mx63,Louis_Pls70,🤤🤤🤤,envoye,7,2026-07-02 01:38:08
k1d2mx63,Chakatilled,Dominick,envoye,8,2026-07-02 01:39:35
k1d2mx63,KevalA007,Kvl,envoye,5,2026-07-02 01:41:07
k1d2mx6e,Long_et_fin2k22,Long&fin,envoye,6,2026-07-02 01:57:48
k1d2mx6k,assinouEli,ASSINOU,envoye,3,2026-07-02 02:01:56
k1d3ff51,bibotib0,Bib,envoye,8,2026-07-02 02:12:53
k1d3ff51,ericitutu,Eric ITUTU,envoye,3,2026-07-02 02:14:10
k1d3ff51,so12322,Safuan,envoye,2,2026-07-02 02:15:44
k1d3ff51,Lop324,Rose LOPEZ,envoye,5,2026-07-02 02:17:06
