username,prenom,statut,heure
pogba_ty,Pogba Ty,envoye,2026-05-26 09:48:59
LaMoulaDA,La,envoye,2026-05-26 09:53:39
Lantonin333,Anto,envoye,2026-05-26 09:54:26
ramsesback,Ramses | [UTC+1],envoye,2026-05-26 09:55:01
math_snu,M,envoye,2026-05-26 09:55:37
PinkOFM,Matthéo,envoye,2026-05-26 09:56:14
kattrranno,DEYN,envoye,2026-05-26 09:58:54
SyrupLePika,SyrupLePika,envoye,2026-05-26 10:02:05
Zudwig,Zudwig 🌪,envoye,2026-05-26 10:02:49
Tommmyz77,Tom,envoye,2026-05-26 21:56:33
yunfto,Salh M9o,envoye,2026-05-26 22:37:58
joliiinanaa,Jolie,envoye,2026-05-26 22:39:10
Boubadiallo73202018,Bouba,envoye,2026-05-26 22:40:17
anthonyvrr23,Anthony,envoye,2026-05-26 22:41:24
erithacus_exegesis,Eddie,envoye,2026-05-26 22:42:23
proengage_1R976,Verena,envoye,2026-05-27 00:34:15
niomix_bernardo,Niomix,envoye,2026-05-27 00:39:51
karimss94,Sluw,envoye,2026-05-27 00:41:22
iblochez,Lbh,envoye,2026-05-27 00:42:55
EkiP23,Ekip,envoye,2026-05-27 00:44:24
Cushily_Spawners,Edyth,envoye,2026-05-27 00:45:52
MedouneTheEconomist,Medoune,envoye,2026-05-27 17:22:03
manondzn,Claudia,envoye,2026-05-27 17:23:14
Palookascypher,Milton,envoye,2026-05-27 17:24:25
Delano509,Bless,envoye,2026-05-27 17:25:52
ssnservice2,SSN,envoye,2026-05-27 17:27:15
Davz_lby,Davz,envoye,2026-05-28 06:36:43
Elani12,Elani,envoye,2026-05-28 06:37:50
blabtp,Wesh,envoye,2026-05-28 06:39:03
Keylamary6366,Keyla,envoye,2026-05-28 06:39:59
Ewewnd,E,envoye,2026-05-28 06:41:21
Slutty111,Latina🍌🔞,envoye,2026-05-28 07:07:54
papitond,Pape Mamadou,envoye,2026-05-28 07:08:59
xxx14158,.......,envoye,2026-05-28 07:10:16
ZenmanSKM,Koharu.,envoye,2026-05-28 18:55:03
Elpatronby1444,El Patron,envoye,2026-05-28 18:56:12
Tronskarp,Tron,envoye,2026-05-28 18:57:28
nom_d_utilisateur6,𝕷𝖔𝖗𝖉,envoye,2026-05-28 18:58:30
ensemblereuissir,The End,envoye,2026-05-28 18:59:30
Abdkzn,Pl,envoye,2026-05-28 19:01:00
Banatura,B³,envoye,2026-05-28 19:02:27
Bandita70,Bandita🥰,envoye,2026-05-28 19:03:49
ultimate6755,..,envoye,2026-05-29 04:46:45
Inconnudelille,Alex,envoye,2026-05-29 04:48:00
Paymaster,Briggs,envoye,2026-05-29 04:48:55
lachaudasse0,La,envoye,2026-05-29 04:50:17
Jessir454,❤❤❤,envoye,2026-05-29 04:51:37
cash77er,Ca$Her,envoye,2026-05-29 04:52:53
Natan691,Natan,envoye,2026-05-29 04:54:20
JordanThePlugx,Jordan,envoye,2026-05-29 04:55:37
Lang008lang,Malik,envoye,2026-05-29 04:56:31
Siyabonga02,Letsha,envoye,2026-05-29 04:57:37
fdsfsdfdsfdssdfsdfdfsfsd,Who Cares If You Exist ?,envoye,2026-05-29 04:58:54
ibrvh_iiim,Diallo,envoye,2026-05-29 05:00:24
thym403,J,envoye,2026-05-30 01:08:10
pesa_force,PESA,envoye,2026-05-30 01:09:29
Alice_ghd_8,Alice,envoye,2026-05-30 01:10:24
Passepartout99,Pass,envoye,2026-05-30 01:11:43
Lucie92ii,T’🗿,envoye,2026-05-30 01:12:56
pedroxig,Pedro,envoye,2026-05-30 01:14:08
bfLMEMbV,LAKO,envoye,2026-05-30 01:15:07
Ronald_Tatsi,Ronald,envoye,2026-05-30 01:16:34
xbfyqhqhj,Caroline,envoye,2026-05-30 01:18:02
Mariesohier,Marie,envoye,2026-05-30 01:20:02
lucianalight123,Lucianna,envoye,2026-05-30 01:21:28
smileboy97,Yurei Otoko,envoye,2026-05-30 01:22:55
Winox37,Un gars,envoye,2026-05-30 01:24:14
onion_of_tor,Onion,envoye,3,2026-05-30 19:07:14
Subcostae_Moguls,Masako,envoye,7,2026-05-30 19:08:33
erika_laan178,Érika,envoye,5,2026-05-30 19:09:39
Rst593,S,envoye,2,2026-05-30 19:11:08
Digitalking235,K,envoye,4,2026-05-30 19:12:11
Tdd0005,H,envoye,6,2026-05-30 19:13:25
cosmiclionk7k,Bryce,envoye,8,2026-05-30 19:14:41
laskopyd,🏴‍☠️,envoye,3,2026-05-30 19:15:53
Mhdi92r,Mehdi,envoye,6,2026-05-30 19:17:27
czfEesxons_1d79,Earnest,envoye,7,2026-05-30 19:18:50
Yanisbst,Yanis,envoye,4,2026-05-30 19:20:19
feetafou,K,envoye,2,2026-05-30 19:21:45
poirnsulQas2011,Brian,envoye,5,2026-05-30 19:23:08
laSoZ9,LaSoZ,envoye,8,2026-05-30 19:24:22
Le_youu,Le you🇲🇦,envoye,6,2026-05-30 19:25:39
chris572401,Chris,envoye,7,2026-05-30 19:26:58
XRrKQSfsVe3780371643,TutkununEzgisi🪐🦒,envoye,3,2026-05-30 19:28:11
flarin243,Flarin,envoye,8,2026-05-30 19:29:19
Koudougou77882539,Çhîçô,envoye,6,2026-06-01 15:18:23
Nythoboy,Anthony,envoye,5,2026-06-01 15:19:34
dentine_Silly,Many,envoye,3,2026-06-01 15:20:48
charmeusesaltish,Stepanie,envoye,4,2026-06-01 15:22:54
MigueM12,Miguel,envoye,8,2026-06-01 15:23:59
Sukuna_admin,Joy Boy,envoye,4,2026-06-01 15:24:57
Mad_O,.,envoye,5,2026-06-01 15:26:17
Tokutchi,Arrete,envoye,7,2026-06-01 15:27:37
jvpsgwyepbfps,Sharon,envoye,8,2026-06-01 15:28:49
Abe1li,Abel🐾,envoye,2,2026-06-01 15:30:12
Marleyfelix,Marley,envoye,6,2026-06-01 15:31:31
VincentMonVincent,Vincent,envoye,3,2026-06-01 15:32:50
ASSIGRACEV,GRÂCE ASSI,envoye,7,2026-06-01 15:34:39
Atletiico,Atletico,envoye,5,2026-06-01 15:35:52
flo_ra01,Floraice,envoye,2,2026-06-01 15:37:15
billbirw,Bill Cartwright,envoye,4,2026-06-01 15:38:16
Daimo13,Sa,envoye,8,2026-06-01 17:01:33
hinder12h,Iker,envoye,5,2026-06-01 17:02:59
BrunoGonzalez42,Bruno,envoye,2,2026-06-01 17:04:09
Marielapointe0113,Nicole,envoye,6,2026-06-01 17:05:23
arahhhhh123,特,envoye,3,2026-06-01 17:06:36
Nxuann,Xuan,envoye,4,2026-06-01 17:07:34
aaron694,Aaron,envoye,3,2026-06-01 17:08:44
Afgffhvcdf,.,envoye,7,2026-06-01 17:10:15
juju1n,Juju,envoye,8,2026-06-01 17:11:44
Timdudnik,🦄 Davide 🦄,envoye,2,2026-06-01 17:13:00
hartistick,HZ,envoye,5,2026-06-01 17:14:13
wizard82832,JonathanDelacruz,envoye,4,2026-06-01 17:15:44
Gabicchamp,🥰,envoye,6,2026-06-01 17:17:10
marthe7l,Marthe Lenoir,envoye,4,2026-06-01 17:18:01
Paola7772,Paola,envoye,2,2026-06-01 17:19:21
padgrefdemoel,Padgref,envoye,5,2026-06-01 17:20:41
Kaelesa,Max,envoye,7,2026-06-01 17:21:55
HIR55526,HIR,envoye,8,2026-06-01 17:23:13
Blackjck1,Hi,envoye,6,2026-06-01 17:24:25
black_enma810,Valentino,envoye,3,2026-06-01 17:25:47
mmuhqq,Malhonnête,envoye,2,2026-06-01 17:27:09
thebiggest971,NOODAH13,envoye,4,2026-06-01 17:28:09
gabrielrolzou10,Gabriel,envoye,7,2026-06-01 17:29:30
Alicamaeva,Alice,envoye,6,2026-06-01 17:30:47
Max_sandr,Musta Mmm,envoye,5,2026-06-01 17:32:08
Jeanmichel124,Christoph,envoye,3,2026-06-01 17:33:23
kenz95i,Kenza,envoye,8,2026-06-01 17:34:39
Lorine245,Lrn ️,envoye,6,2026-06-01 17:35:57
Houessou10,ALLA HOUESSOU,envoye,2,2026-06-01 17:37:21
rwandana,Abdul Karim,envoye,2,2026-06-02 21:19:54
Jimm51,Jim,envoye,6,2026-06-02 21:21:14
Astride_Bizzi,Leslie❤,envoye,5,2026-06-02 21:22:37
Curtis1008,Curtis1008,envoye,7,2026-06-02 21:23:54
CosterJudi,Coster Judicaël,envoye,4,2026-06-02 21:24:52
loladu_rt,Lola,envoye,8,2026-06-02 21:26:20
everlife4,Free love,envoye,3,2026-06-02 21:27:43
TicketGagnantN1,Ticket,envoye,3,2026-06-02 21:29:06
ThooohT,THO,envoye,3,2026-06-04 08:05:58
Vienspr,Vienspr,envoye,8,2026-06-04 08:07:17
Laroze23,Kayla,envoye,5,2026-06-04 08:08:31
laciter941,La,envoye,4,2026-06-04 08:09:38
doumso74,Sory,envoye,7,2026-06-09 21:33:18
mo9omo,Mo,envoye,3,2026-06-09 21:34:33
Juliette02233,Melissa,envoye,7,2026-06-09 21:35:50
